{
	"latlon": {
		"week": {
			"all": [[43.648938, -79.396267], [43.709977, -79.334372], [43.641047, -79.401463],
						[43.642685, -79.402139],[43.645682, -79.400572], [43.646451, -79.403576],
					 	[43.659109, -79.442709], [43.660157, -79.360056]]
		},
		"Monday": {
			"color": "#9b59b6",
			"fillColor": "#9b59b6",
			"nightII": [[43.659109, -79.442709], [43.660157, -79.360056]],
			"nightIII": [[43.657805, -79.445187], [43.658622, -79.424173]],
			"amPeak": [[43.647636, -79.384869], [43.647333, -79.386071]],
			"midday": [[43.649894, -79.374344]],
			"pmPeak": [[43.648194, -79.370965], [43.650856, -79.363969]],
			"nightI": [[43.650607, -79.358401], [43.657112, -79.359227]]
		},
		"Tuesday": {
			"color": "#9F6B3F",
			"fillColor": "#9F6B3F",
			"nightII": [[43.665525, -79.371769], [43.663507, -79.366104]],
			"nightIII": [[43.664638, -79.359107]],
			"amPeak": [[43.676907, -79.358313], [43.678226, -79.352476], [43.679948, -79.344976]],
			"midday": [[43.669932, -79.328577]],
			"pmPeak": [[43.672377, -79.332214], [43.672307, -79.328588]],
			"nightI": [[43.661699, -79.366673]]
		},
		"Wednesday": {
			"color": "#000000",
			"fillColor": "#000000",
			"nightII": [[43.661368, -79.325219]],
			"nightIII": [[43.653846, -79.323449]],
			"amPeak": [[43.663415, -79.321120], [43.669878, -79.333202], [43.668202, -79.339822]],
			"midday": [[43.664593, -79.337730]],
			"pmPeak": [[43.652719, -79.350890], [43.654202, -79.352585], [43.653697, -79.357660],[43.650367, -79.357950]],
			"nightI": [[43.647394, -79.360278]]
		},
		"Thursday": {
			"color": "#1c5013",
			"fillColor": "#1c5013",
			"nightII": [[43.644079, -79.365482]],
			"nightIII": [[43.642977, -79.367209]],
			"amPeak": [[43.646837, -79.376944], [43.647606, -79.379777]],
			"midday": [[43.651076, -79.381418]],
			"pmPeak": [[43.651317, -79.385173], [43.650502, -79.380485]],
			"nightI": [[43.656565, -79.390001]]
		},
		"Friday": {
			"color": "#501343",
			"fillColor": "#501343",
			"nightII": [[43.658917, -79.388617], [43.661835, -79.394518]],
			"nightIII": [[43.665483, -79.403423]],
			"amPeak": [[43.675634, -79.396986], [43.673026, -79.390377], [43.690646, -79.383381]],
			"midday": [[43.696409, -79.384765]],
			"pmPeak": [[43.693258, -79.403849]],
			"nightI": [[43.689969, -79.398667]]
		},
		"Saturday": {
			"color": "#a60183",
			"fillColor": "#a60183",
			"nightII": [[43.665525, -79.371769], [43.663507, -79.366104]],
			"nightIII": [[43.664638, -79.359107]],
			"amPeak": [[43.676907, -79.358313], [43.678226, -79.352476], [43.679948, -79.344976]],
			"midday": [[43.669932, -79.328577]],
			"pmPeak": [[43.672377, -79.332214], [43.672307, -79.328588]],
			"nightI": [[43.661699, -79.366673]]
		},
		"Sunday": {
			"color": "#605b3b",
			"fillColor": "#605b3b",
			"nightII": [[43.686303, -79.396053], [43.686155, -79.387448]],
			"nightIII": [[43.682788, -79.379305]],
			"amPeak": [[43.686722, -79.375236], [43.696780, -79.371008]],
			"midday": [[43.700643, -79.373443]],
			"pmPeak": [[43.705985, -79.366779], [43.706877, -79.356329], [43.714570, -79.413161]],
			"nightI": [[43.707358, -79.409395]]
		}

	}
}
