{
	"keys": {
		"name": "tod",
		"values": [
0, 1, 2, 3, 4, 5, 6, 7, 8, 9, 10, 11, 12, 13, 14, 15, 16, 17, 18, 19, 20, 21, 22, 23, 24, 25, 26, 27, 28, 29, 30, 31, 32, 33, 34, 35, 36, 37, 38, 39, 40, 41, 42, 43, 44, 45, 46, 47, 48, 49, 50, 51, 52, 53, 54, 55, 56, 57, 58, 59, 60, 61, 62, 63, 64, 65, 66, 67, 68, 69, 70, 71, 72, 73, 74, 75, 76, 77, 78, 79, 80, 81, 82, 83, 84, 85, 86, 87, 88, 89, 90, 91, 92, 93, 94, 95, 96, 97, 98, 99, 100, 101, 102, 103, 104, 105, 106, 107, 108, 109, 110, 111, 112, 113, 114, 115, 116, 117, 118, 119, 120, 121, 122, 123, 124, 125, 126, 127, 128, 129, 130, 131, 132, 133, 134, 135, 136, 137, 138, 139, 140, 141, 142, 143, 144, 145, 146, 147, 148, 149, 150, 151, 152, 153, 154, 155, 156, 157, 158, 159, 160, 161, 162, 163, 164, 165, 166, 167
		]
	},
	"city": [
		0.3929194069889723,0.2839100269015536,0.23463891868730075,0.15076016125844352,0.12374356316584363,0.1770930932562045,
		0.3166317006821196,0.4985104566021965,0.6711479328954854,0.709551107671092,0.5858311191981737,0.5548303980011677,
		0.5522607564722904,0.5390825031269473,0.5905224830903442,0.6319432185604122,0.680907855766634,0.750476774589725,
		0.7602838468467245,0.6827702565077468,0.6216646524449032,0.5683858464333187,0.4970252509478913,0.396196289305614,
		0.27195765758833534,0.17515996843631512,0.13138176367369908,0.08036612818296074,0.07852730213477331,0.16068510698007052,
		0.3291027132396985,0.603134943805476,0.8316915917180029,0.8003843995129658,0.6240928458162276,0.5736430029557007,
		0.5582015790895113,0.5617377830283334,0.6028048981045191,0.6537498095164811,0.6926480528435229,0.7907187754135188,
		0.8145527899611791,0.7167885383992141,0.6615294581818896,0.6296328986537153,0.5436795682474158,0.4385600124927013,
		0.28756410430500295,0.1825624220149158,0.1325133489341221,0.07815010704796564,0.07869232498525165,0.15276401015710928,
		0.3229968677719992,0.5852889012608877,0.8072210604613548,0.7833398965278437,0.6038893339790914,0.5603704508386556,
		0.5569992697503121,0.5606297724608358,0.6130363148341776,0.661505883488964,0.6973865661215443,0.7977204592123865,
		0.8514471843895552,0.806584543752367,0.7349882013376846,0.6852927486507733,0.6242342939737804,0.5072802423704749,
		0.3272874618844365,0.213869614219953,0.1618638416263445,0.0965383675298399,0.09050324614091705,0.16160452000416423,
		0.335962948881013,0.6069776187523293,0.8450584426067501,0.8058301535787514,0.6345364347822152,0.604219379680048,
		0.584416637622645,0.5835207992914768,0.6315188740877536,0.691870087976982,0.7461861804772875,0.8608534868668213,
		0.9550815344899646,0.9233028484264179,0.853616056138699,0.7869939739312932,0.7453610662248958,0.662826066292791,
		0.4497579916323042,0.3104551311356439,0.24079191354085094,0.13201828038268704,0.10905652947326967,0.17084579963095234,
		0.3450156309643973,0.6208159634995857,0.8570343866128938,0.8241712646747749,0.6721144953054299,0.6526889483348346,
		0.6513451908380824,0.6682246709727258,0.7212205806692045,0.790530177870115,0.8750690267008859,0.9886990466016986,
		1.1073504760956385,1.1728409730426217,1.1681260344575255,1.1318210073522865,1.135828705149618,1.152378139583305,
		0.9983033764995392,0.8340160564404552,0.7584073012898562,0.44241211731672475,0.23569034999177715,0.18780543372154246,
		0.24768515375226124,0.3261794513169389,0.461290731411449,0.5532508935751606,0.605737589904449,0.6543580365939585,
		0.6887205090021378,0.707052190220991,0.7527116554790604,0.8064619553491544,0.8601179564475466,0.9509842528595162,
		1.0517896398088675,1.1013530742153963,1.0986184098360408,1.0726485281093323,1.1373752050055297,1.2323340681093624,
		1.1307365714777147,0.9928340477408274,0.9094550738019906,0.590216012082313,0.3049056484209859,0.2029309567025304,
		0.2560966041880725,0.29083627168305964,0.3256513781954081,0.4316431975883655,0.5515535156845262,0.6086797115815487,
		0.6230697041432617,0.6386478612284188,0.6520948660731125,0.6880226980915437,0.7079008791663084,0.738397101934709,
		0.7246106215118884,0.6782722050975653,0.639345672139013,0.612564820975668,0.5830870249416479,0.5268660972529635
	],
	"w1" : [
		0.3234158,0.21998841,0.18961688,0.15678278,0.13872403,0.25364335,0.49825733,0.69444102,0.87010341,0.74779642,0.66242779,
		0.62138517,0.63369796,0.6328771,0.72809597,0.81921057,0.86435745,0.75518409,0.67720313,0.56228381,0.53683739,0.46213983,
		0.48019858,0.36938352,
		0.2511808,0.19043773,0.12805295,0.10588994,0.12148614,0.2511808,0.54422506,0.86846171,1.15822256,
		0.8307025,0.69033676,0.69362017,0.64929415,0.66653205,0.8134646,0.89883324,0.88816216,0.86764085,0.79704756,0.70839551,
		0.56392551,0.55243358,0.51303267,0.4145304,
		0.2872983,0.18387091,0.11902358,0.09275631,0.13051551,0.2339429,0.57049233,
		0.88487875,1.09994205,0.81674801,0.63862307,0.62713114,0.64683159,0.67391972,0.77898881,0.93987585,0.91525029,0.9012958,
		0.77652625,0.70100784,0.61563921,0.57541744,0.51385352,0.38744227,
		0.28483574,0.18961688,0.11574017,0.09932313,0.14036574,0.27334381,0.56392551,0.98502273,1.09419608,0.77898881,0.69690358,
		0.67474057,0.64765244,0.73712534,0.80279352,0.94808438,0.98502273,0.94315926,0.84547784,0.70182869,0.5951179,0.5401208,
		0.50071989,0.37266693,
		0.28565659,0.18469176,0.17155813,0.14364915,0.16088705,0.29879023,0.63369796,0.89719154,1.07859989,0.79622671,0.80197267,
		0.76010921,0.78309307,0.85204466,0.94151756,1.05972029,1.15904341,1.09419608,0.93084648,0.84383614,0.79048074,0.78473477,
		0.74861727,0.67474057,
		0.52403209,0.42749986,0.37430864,0.27120959,0.21604832,0.30601373,0.44654364,0.46690077,0.52665882,0.68754587,0.64157814,
		0.74008041,0.73745368,0.73811037,0.73154355,0.79524168,0.85631309,0.85893982,0.87470018,0.83989605,0.77422787,0.69214264,
		0.73482696,0.72826014,
		0.55817955,0.491198,0.39466577,0.26332941,0.20422805,0.27252296,0.40845609,0.39794918,0.40779941,0.48331782,
		0.67769564,0.63501132,0.61334082,0.64157814,0.64354818,0.71184309,0.66653205,0.71578318,0.62253436,0.61005741,0.56671641,
		0.5273155,0.534539,0.39269573
	],