{
	"latlon": {
		"week": {
			"all": [[43.648938, -79.396267], [43.709977, -79.334372], [43.641047, -79.401463],
						[43.642685, -79.402139],[43.645682, -79.400572], [43.646451, -79.403576],
					 	[43.659109, -79.442709], [43.660157, -79.360056]]
		},
		"Monday": {
			"nightII": [[43.659109, -79.442709], [43.660157, -79.360056]],
			"nightIII": [[43.659109, -79.442709], [43.660157, -79.360056]],
			"amPeak": [[43.659109, -79.442709], [43.660157, -79.360056]],
			"midday": [[43.659109, -79.442709], [43.660157, -79.360056]],
			"pmPeak": [[43.659109, -79.442709], [43.660157, -79.360056]],
			"nightI": [[43.659109, -79.442709], [43.660157, -79.360056]]
		},
		"Tuesday": {
			"nightII": [[43.659109, -79.442709], [43.660157, -79.360056]],
			"nightIII": [[43.659109, -79.442709], [43.660157, -79.360056]],
			"amPeak": [[43.659109, -79.442709], [43.660157, -79.360056]],
			"midday": [[43.659109, -79.442709], [43.660157, -79.360056]],
			"pmPeak": [[43.659109, -79.442709], [43.660157, -79.360056]],
			"nightI": [[43.659109, -79.442709], [43.660157, -79.360056]]
		}
	}
}
