{
	"latlon": {
		"mapCentre": [43.795302, -79.304402],
		"week": {
			"all": {
				"pickups": [[43.780515332, -79.28689933],[43.777743089, -79.324170596],[43.781744388, -79.317762329]],
				"dropoffs": [[43.791690333, -79.329425127],[43.81811236, -79.321091261],[43.796497752, -79.314350909]]
				}
		},
		"Monday": {
			"nightII": {
				"pickups": [[43.781054406, -79.298106451]],
				"dropoffs": [[43.774236695, -79.295052983]]
			},
			"nightIII": {
				"pickups": [[43.80258837, -79.322002088],[43.795455904, -79.313954332],[43.77750158, -79.307256679]],
				"dropoffs": [[43.776212548, -79.310277654],[43.817385302, -79.309417881]]
			},
			"amPeak": {
				"pickups": [[43.782914035, -79.283415798],[43.793612772, -79.312085635],[43.781054406, -79.298106451]],
				"dropoffs": [[43.776212548, -79.310277654],[43.806165363, -79.289146786],[43.810038556, -79.326181371]]
			},
			"midday": {
				"pickups": [[43.778731095, -79.307905915]],
				"dropoffs": [[43.779562227, -79.304392175]]
			},
			"pmPeak": {
				"pickups": [[43.815650752, -79.341317897],[43.796572375, -79.33090888]],
				"dropoffs": [[43.820985149, -79.307888524],[43.819356343, -79.322044888],[43.817341985, -79.317015641]]
			},
			"nightI": {
				"pickups": [[43.778731095, -79.307905915]],
				"dropoffs": [[43.799489104, -79.320098095],[43.788027097, -79.286411539]]
			}
		},
		"Tuesday": {
			"nightII": {
				"pickups": [[43.779562227, -79.304392175]],
				"dropoffs": [[43.796772994, -79.315766111],[43.776514782, -79.317764148]]
			},
			"nightIII": {
				"pickups": [[43.801340583, -79.301931001]],
				"dropoffs": [[43.79577646, -79.331827977],[43.824166412, -79.305083358]]
			},
			"amPeak": {
				"pickups": [[43.804085647, -79.336316815]],
				"dropoffs": [[43.801340583, -79.301931001],[43.796772994, -79.315766111]]
			},
			"midday": {
				"pickups": [[43.813125291, -79.326788534],[43.815533139, -79.334810289]],
				"dropoffs": [[43.776720999, -79.30864212]]
			},
			"pmPeak": {
				"pickups": [[43.779474752, -79.282063583],[43.81016446, -79.306049454],[43.796497752, -79.314350909]],
				"dropoffs": [[43.815650752, -79.341317897]]
			},
			"nightI": {
				"pickups": [[43.808528137, -79.338311827]],
				"dropoffs": [[43.793612772, -79.312085635]]
			}
		},
		"Wednesday": {
			"nightII": {
				"pickups": [[43.819972106, -79.298105261],[43.780515332, -79.28689933],[43.77507887, -79.320046307]],
				"dropoffs": [[43.806165363, -79.289146786],[43.796346655, -79.323847685]]
			},
			"nightIII": {
				"pickups": [[43.803744745, -79.32526359],[43.798391133, -79.314488185]],
				"dropoffs": [[43.779474752, -79.282063583]]
			},
			"amPeak": {
				"pickups": [[43.796772994, -79.315766111],[43.817385302, -79.309417881]],
				"dropoffs": [[43.778731095, -79.307905915]]
			},
			"midday": {
				"pickups": [[43.807212061, -79.332149299],[43.779474752, -79.282063583],[43.778024102, -79.318591215]],
				"dropoffs": [[43.80412261, -79.330734009]]
			},
			"pmPeak": {
				"pickups": [[43.775942073, -79.294920693]],
				"dropoffs": [[43.784490754, -79.315229276]]
			},
			"nightI": {
				"pickups": [[43.780706084, -79.294735459],[43.785761713, -79.289462977]],
				"dropoffs": [[43.799391564, -79.308232151]]
			}
		},
		"Thursday": {
			"nightII": {
				"pickups": [[43.811760632, -79.334175116],[43.814324298, -79.333006557]],
				"dropoffs": [[43.818129295, -79.322218487]]
			},
			"nightIII": {
				"pickups": [[43.801719468, -79.307106758]],
				"dropoffs": [[43.776628733, -79.301794474],[43.78104903, -79.291569972],[43.820210004, -79.307678309]]
			},
			"amPeak": {
				"pickups": [[43.778149296, -79.28147246]],
				"dropoffs": [[43.796047189, -79.329676917],[43.81963118, -79.32443664],[43.779410336, -79.287725626]]
			},
			"midday": {
				"pickups": [[43.778149296, -79.28147246],[43.777743089, -79.324170596]],
				"dropoffs": [[43.811760632, -79.334175116]]
			},
			"pmPeak": {
				"pickups": [[43.785761713, -79.289462977],[43.778898572, -79.300725145]],
				"dropoffs": [[43.791054002, -79.297772864]]
			},
			"nightI": {
				"pickups": [[43.778149296, -79.28147246],[43.805590445, -79.289836071],[43.771841263, -79.308937668]],
				"dropoffs": [[43.78950614, -79.308449661]]
			}
		},
		"Friday": {
			"nightII": {
				"pickups": [[43.80054349, -79.321851979],[43.778149296, -79.28147246]],
				"dropoffs": [[43.774840598, -79.301216351]]
			},
			"nightIII": {
				"pickups": [[43.79699464, -79.319334273],[43.774183961, -79.319340346]],
				"dropoffs": [[43.778149296, -79.28147246]]
			},
			"amPeak": {
				"pickups": [[43.816143469, -79.322541589]],
				"dropoffs": [[43.777980494, -79.311206508],[43.797218931, -79.302437209],[43.785170317, -79.285912038]]
			},
			"midday": {
				"pickups": [[43.814324298, -79.333006557]],
				"dropoffs": [[43.785761713, -79.289462977]]
			},
			"pmPeak": {
				"pickups": [[43.81963118, -79.32443664]],
				"dropoffs": [[43.81016446, -79.306049454]]
			},
			"nightI": {
				"pickups": [[43.796497752, -79.314350909]],
				"dropoffs": [[43.796772994, -79.315766111]]
			}
		},
		"Saturday": {
			"nightII": {
				"pickups": [[43.806165363, -79.289146786]],
				"dropoffs": [[43.810038556, -79.326181371]]
			},
			"nightIII": {
				"pickups": [[43.806165363, -79.289146786]],
				"dropoffs": [[43.776212548, -79.310277654]]
			},
			"amPeak": {
				"pickups": [[43.81811236, -79.321091261],[43.796497752, -79.314350909]],
				"dropoffs": [[43.793612772, -79.312085635],[43.819972106, -79.298105261]]
			},
			"midday": {
				"pickups": [[43.796346655, -79.323847685]],
				"dropoffs": [[43.793612772, -79.312085635]]
			},
			"pmPeak": {
				"pickups": [[43.778731095, -79.307905915],[43.807212061, -79.332149299],[43.779474752, -79.282063583]],
				"dropoffs": [[43.785761713, -79.289462977],[43.799391564, -79.308232151]]
			},
			"nightI": {
				"pickups": [[43.81963118, -79.32443664],[43.779410336, -79.287725626]],
				"dropoffs": [[43.811760632, -79.334175116]]
			}
		},
		"Sunday": {
			"nightII": {
				"pickups": [[43.793612772, -79.312085635],[43.781054406, -79.298106451]],
				"dropoffs": [[43.819356343, -79.322044888],[43.817341985, -79.317015641]]
			},
			"nightIII": {
				"pickups": [[43.801340583, -79.301931001],[43.796772994, -79.315766111]],
				"dropoffs": [[43.813125291, -79.326788534]]
			},
			"amPeak": {
				"pickups": [[43.819972106, -79.298105261],[43.780515332, -79.28689933]],
				"dropoffs": [[43.784490754, -79.315229276]]
			},
			"midday": {
				"pickups": [[43.776628733, -79.301794474],[43.78104903, -79.291569972]],
				"dropoffs": [[43.785761713, -79.289462977]]
			},
			"pmPeak": {
				"pickups": [[43.796497752, -79.314350909]],
				"dropoffs": [[43.776212548, -79.310277654]]
			},
			"nightI": {
				"pickups": [[43.811760632, -79.334175116]],
				"dropoffs": [[43.777743089, -79.324170596]]
			}
		}
	}
}
