{
	"latlon": {
		"mapCentre": [43.722784, -79.585380],
		"week": {
			"all": {
				"pickups": [[43.759700, -79.589774], [43.759289, -79.591694], [43.757181, -79.591758]],
				"dropoffs": [[43.714097, -79.581116], [43.712336, -79.577576], [43.711584, -79.579529]]
				}
		},
		"Monday": {
			"nightII": {
				"pickups": [[43.734393, -79.603104]],
				"dropoffs": [[43.716152, -79.553081]]
			},
			"nightIII": {
				"pickups": [[43.731680, -79.599768]],
				"dropoffs": [[43.714260, -79.557630]]
			},
			"amPeak": {
				"pickups": [[43.729602, -79.598953]],
				"dropoffs": [[43.715454, -79.554089],[43.716113, -79.550194]]
			},
			"midday": {
				"pickups": [[43.727028, -79.595895]],
				"dropoffs": [[43.716152, -79.553081], [43.713911, -79.553843]]
			},
			"pmPeak": {
				"pickups": [[43.724981, -79.601066], [43.720492, -79.600175], [43.719848, -79.594993]],
				"dropoffs": [[43.708963, -79.548166], [43.708831, -79.546095]]
			},
			"nightI": {
				"pickups": [[43.722903, -79.601248]],
				"dropoffs": [[43.709441, -79.565621]]
			}
		},
		"Tuesday": {
			"nightII": {
				"pickups": [[43.699486238, -79.542040794],[43.678176816, -79.564837341],[43.722697558, -79.613945816]],
				"dropoffs": [[43.687948264, -79.586823017]]
			},
			"nightIII": {
				"pickups": [[43.734743738, -79.594361721],[43.739160674, -79.605291734]],
				"dropoffs": [[43.754668307, -79.59056875]]
			},
			"amPeak": {
				"pickups": [[43.746814212, -79.583807272]],
				"dropoffs": [[43.696339798, -79.555554637]]
			},
			"midday": {
				"pickups": [[43.736887305, -79.587595285],[43.72278254, -79.545050284],[43.724377111, -79.549735617]],
				"dropoffs": [[43.694447319, -79.575955606]]
			},
			"pmPeak": {
				"pickups": [[43.675712928, -79.568434195],[43.675712928, -79.568434195],[43.744903738, -79.597704544],[43.711547249, -79.571371481]],
				"dropoffs": [[43.711547249, -79.571371481]]
			},
			"nightI": {
				"pickups": [[43.716878031, -79.603460305]],
				"dropoffs": [[43.714007857, -79.55686537],[43.752014847, -79.59592867]]
			}
		},
		"Wednesday": {
			"nightII": {
				"pickups": [[43.737646879, -79.578355818],[43.743392052, -79.591820866],[43.748421264, -79.574337697]],
				"dropoffs": [[43.72278254, -79.545050284]]
			},
			"nightIII": {
				"pickups": [[43.722587721, -79.587238709]],
				"dropoffs": [[43.746314936, -79.588165228]]
			},
			"amPeak": {
				"pickups": [[43.732259231, -79.585310388]],
				"dropoffs": [[43.694447319, -79.575955606],[43.7281365, -79.62447352],[43.755014078, -79.606371987],[43.686757331, -79.595566224]]
			},
			"midday": {
				"pickups": [[43.747868181, -79.602297925],[43.732259231, -79.585310388],[43.726540016, -79.584465444]],
				"dropoffs": [[43.734565996, -79.59509148],[43.746814212, -79.583807272]]
			},
			"pmPeak": {
				"pickups": [[43.750185164, -79.600206169],[43.73801279, -79.59329483]],
				"dropoffs": [[43.742952932, -79.600094718],[43.714007857, -79.55686537],[43.697760374, -79.558572925],[43.697760374, -79.558572925],[43.746710208, -79.602631592]]
			},
			"nightI": {
				"pickups": [[43.732176443, -79.613346113],[43.732176443, -79.613346113]],
				"dropoffs": [[43.740975614, -79.580998559],[43.722494348, -79.561039257],[43.700072408, -79.58359979]]
			}
		},
		"Thursday": {
			"nightII": {
				"pickups": [[43.700072408, -79.58359979]],
				"dropoffs": [[43.747285905, -79.579793898],[43.743640312, -79.603915354]]
			},
			"nightIII": {
				"pickups": [[43.688131322, -79.585982116]],
				"dropoffs": [[43.71844276, -79.601737814],[43.687948264, -79.586823017]]
			},
			"amPeak": {
				"pickups": [[43.693666225, -79.564292773],[43.727694031, -79.608759849],[43.691084197, -79.573298164],[43.739724842, -79.580402437]],
				"dropoffs": [[43.688131322, -79.585982116],[43.686757331, -79.595566224],[43.690196615, -79.589701567],[43.739080199, -79.599694605]]
			},
			"midday": {
				"pickups": [[43.715102458, -79.555116255],[43.714007857, -79.55686537],[43.723385281, -79.604224942]],
				"dropoffs": [[43.736990166, -79.594359698],[43.734273008, -79.556902734],[43.746814212, -79.583807272]]
			},
			"pmPeak": {
				"pickups": [[43.737256531, -79.558940602],[43.736181172, -79.586270128],[43.731564294, -79.607284837]],
				"dropoffs": [[43.686757331, -79.595566224],[43.723397805, -79.615762058],[43.756551504, -79.604769171],[43.698730623, -79.552231893]]
			},
			"nightI": {
				"pickups": [[43.739039381, -79.596177571],[43.73907851, -79.592822783]],
				"dropoffs": [[43.701442786, -79.531805804],[43.718419125, -79.556677015],[43.692560462, -79.566160161]]
			}
		},
		"Friday": {
			"nightII": {
				"pickups": [[43.743263602, -79.582116042],[43.697080461, -79.559211219],[43.743263602, -79.582116042]],
				"dropoffs": [[43.736887305, -79.587595285],[43.718760434, -79.60463724],[43.748596209, -79.595305178],[43.699325555, -79.54977414]]
			},
			"nightIII": {
				"pickups": [[43.702623946, -79.588400657],[43.702623946, -79.588400657],[43.677783098, -79.57429876]],
				"dropoffs": [[43.728442856, -79.592097842],[43.739389009, -79.566341083]]
			},
			"amPeak": {
				"pickups": [[43.693666225, -79.564292773],[43.738988923, -79.5703996],[43.732774754, -79.594955918],[43.714136145, -79.55246007]],
				"dropoffs": [[43.696339798, -79.555554637],[43.739271547, -79.584774558],[43.71844276, -79.601737814]]
			},
			"midday": {
				"pickups": [[43.747285905, -79.579793898],[43.74391468, -79.605498142],[43.690758888, -79.597364036]],
				"dropoffs": [[43.757061944, -79.600091688],[43.718123972, -79.599052498]]
			},
			"pmPeak": {
				"pickups": [[43.718123972, -79.599052498],[43.740975614, -79.580998559],[43.731215999, -79.589803901],[43.733097387, -79.60583443]],
				"dropoffs": [[43.686757331, -79.595566224],[43.697049452, -79.546731704],[43.698730623, -79.552231893]]
			},
			"nightI": {
				"pickups": [[43.7281365, -79.62447352],[43.733167929, -79.60131465],[43.73022563, -79.549560007]],
				"dropoffs": [[43.757884027, -79.594564139],[43.727858693, -79.621259874]]
			}
		},
		"Saturday": {
			"nightII": {
				"pickups": [[43.727858693, -79.621259874],[43.722330236, -79.588752813],[43.711547249, -79.571371481]],
				"dropoffs": [[43.727186082, -79.594246404],[43.72311204, -79.558922173],[43.718419125, -79.556677015],[43.721519756, -79.58868966]]
			},
			"nightIII": {
				"pickups": [[43.716878031, -79.603460305],[43.747285905, -79.579793898],[43.728417784, -79.604350094],[43.731564294, -79.607284837],[43.747285905, -79.579793898]],
				"dropoffs": [[43.731981027, -79.615206979],[43.716089173, -79.562684009],[43.686757331, -79.595566224],[43.738156873, -79.565744886]]
			},
			"amPeak": {
				"pickups": [[43.730115182, -79.588558312],[43.741785144, -79.593316961],[43.71844276, -79.601737814],[43.739724842, -79.580402437],[43.728417784, -79.604350094]],
				"dropoffs": [[43.74428673, -79.595368194],[43.716878031, -79.603460305],[43.688131322, -79.585982116]]
			},
			"midday": {
				"pickups": [[43.679129748, -79.566216292],[43.695815287, -79.56273758],[43.73186576, -79.590013499]],
				"dropoffs": [[43.688131322, -79.585982116],[43.71844276, -79.601737814],[43.715573314, -79.549858065],[43.733055276, -79.612134365]]
			},
			"pmPeak": {
				"pickups": [[43.728907103, -79.620929116],[43.678176816, -79.564837341],[43.696937136, -79.557668804],[43.699412354, -79.566981645],[43.70030823, -79.557569614]],
				"dropoffs": [[43.703446399, -79.554348838],[43.746875971, -79.622025077],[43.690196615, -79.589701567],[43.740700402, -79.595602243]]
			},
			"nightI": {
				"pickups": [[43.734274162, -79.558854635],[43.743858216, -79.617187261],[43.736887305, -79.587595285]],
				"dropoffs": [[43.733553119, -79.618221963],[43.710731968, -79.554248268],[43.690196615, -79.589701567],[43.686757331, -79.595566224]]
			}
		},
		"Sunday": {
			"nightII": {
				"pickups": [[43.73403209, -79.620738273],[43.742234065, -79.576998049]],
				"dropoffs": [[43.742234065, -79.576998049]]
			},