{
	"linedata": {
		"keys": {
			"name": "years",
			"values": [
0, 1, 2, 3, 4, 5, 6, 7, 8, 9, 10, 11, 12, 13, 14, 15, 16, 17, 18, 19, 20, 21, 22, 23, 24, 25, 26, 27, 28, 29, 30, 31, 32, 33, 34, 35, 36, 37, 38, 39, 40, 41, 42, 43, 44, 45, 46, 47, 48, 49, 50, 51, 52, 53, 54, 55, 56, 57, 58, 59, 60, 61, 62, 63, 64, 65, 66, 67, 68, 69, 70, 71, 72, 73, 74, 75, 76, 77, 78, 79, 80, 81, 82, 83, 84, 85, 86, 87, 88, 89, 90, 91, 92, 93, 94, 95, 96, 97, 98, 99, 100, 101, 102, 103, 104, 105, 106, 107, 108, 109, 110, 111, 112, 113, 114, 115, 116, 117, 118, 119, 120, 121, 122, 123, 124, 125, 126, 127, 128, 129, 130, 131, 132, 133, 134, 135, 136, 137, 138, 139, 140, 141, 142, 143, 144, 145, 146, 147, 148, 149, 150, 151, 152, 153, 154, 155, 156, 157, 158, 159, 160, 161, 162, 163, 164, 165, 166, 167
			]
		},
		"w22": [
			0.28592435, 0.23656836, 0.17870272, 0.1276448 , 0.11232742, 0.18040465, 0.36931896, 0.63141628, 1.11476459, 0.89691746, 0.79480162, 0.7267244
			, 0.61950276, 0.64162786, 0.66715682, 0.8322441 , 0.85096534, 0.7045993, 0.75055143, 0.5769545 , 0.56333905, 0.51568499, 0.4050595 , 0.34719386
			, 0.24337609, 0.15317376, 0.14806797, 0.08850039, 0.08509653, 0.1889143, 0.39144405, 0.7045993 , 1.35643874, 1.00243716, 0.86628271, 0.80671514
			, 0.65694524, 0.71310895, 0.80841707, 0.91223484, 0.85947499, 0.82033058, 0.810119  , 0.66375296, 0.60758925, 0.53781009, 0.43739618, 0.33187648
			, 0.19572203, 0.13275059, 0.14806797, 0.09701005, 0.09020233, 0.18040465, 0.36761702, 0.69779157, 1.27304414, 0.91734063, 0.86117692, 0.66715682
			, 0.68077227, 0.63141628, 0.73012826, 0.8764943 , 0.82203251, 0.80671514, 0.7437437 , 0.72332053, 0.55823326, 0.50206955, 0.44760777, 0.30634752
			, 0.22805871, 0.13785638, 0.11402935, 0.09360619, 0.10211584, 0.18210658, 0.36591509, 0.73523405, 1.3428233 , 0.88840781, 0.8935136 , 0.75735915
			, 0.73863791, 0.6603491 , 0.77948425, 0.87989816, 0.89010974, 0.80160935, 0.81352286, 0.75565722, 0.59567573, 0.51908885, 0.48505024, 0.40846336
			, 0.24677995, 0.171895  , 0.12424094, 0.10722163, 0.10381777, 0.16849114, 0.38123247, 0.7437437 , 1.35984261, 0.98882172, 0.89521553, 0.83054217
			, 0.78118618, 0.80501321, 0.80160935, 1.07732211, 1.02456226, 1.0654086, 1.09434142, 0.96669662, 0.96839855, 0.80501321, 0.76416687, 0.63652207
			, 0.50104839, 0.32132451, 0.28183972, 0.23827029, 0.21240095, 0.20014705
			, 0.27911663, 0.41118645, 0.59227187, 0.68077227, 0.75021104, 0.73114942
			, 0.86866541, 0.79650355, 0.82509599, 0.88908858, 0.84279607, 0.89181167
			, 0.96397353, 0.7733573 , 0.89181167, 0.8468807 , 0.81148054, 0.62767203
			, 0.49560221, 0.40301718, 0.35672467, 0.31587833, 0.2110394 , 0.20287014
			, 0.30770907, 0.275032  , 0.3363015 , 0.50104839, 0.65081829, 0.77880347
			, 0.72434169, 0.75838031, 0.82101136, 0.75021104, 0.69166462, 0.73251096
			, 0.70119544, 0.64673365, 0.63720284, 0.62222585, 0.52419465, 0.46428669
		]
	}
}
