{
	"latlon": {
		"monday": {
			"nightII": [[43.659109, -79.442709], [43.660157, -79.360056]],
			"nightIII": [[43.659109, -79.442709], [43.660157, -79.360056]],
			"amPeak": [[43.659109, -79.442709], [43.660157, -79.360056]],
			"midday": [[43.659109, -79.442709], [43.660157, -79.360056]],
			"pmPeak": [[43.659109, -79.442709], [43.660157, -79.360056]],
			"nightI": [[43.659109, -79.442709], [43.660157, -79.360056]]
			},
		"tuesday": {
			"nightII": [[43.659109, -79.442709], [43.660157, -79.360056]],
			"nightIII": [[43.659109, -79.442709], [43.660157, -79.360056]],
			"amPeak": [[43.659109, -79.442709], [43.660157, -79.360056]],
			"midday": [[43.659109, -79.442709], [43.660157, -79.360056]],
			"pmPeak": [[43.659109, -79.442709], [43.660157, -79.360056]],
			"nightI": [[43.659109, -79.442709], [43.660157, -79.360056]]			
			}
	}
}
