{
	"latlon": {
		"mapCentre": [43.795302, -79.304402],
		"week": {
			"all": [[43.795302, -79.304402], [43.795488, -79.299778], [43.795573, -79.293963],
						[43.783200, -79.315741],[43.785090, -79.308831], [43.776554, -79.301936]]
		},
		"Monday": {
			"color": "#9b59b6",
			"fillColor": "#9b59b6",
			"nightII": [[43.767740, -79.303814]],
			"nightIII": [[43.765772, -79.292688]],
			"amPeak": [[43.766407, -79.288697]],
			"midday": [[43.757499, -79.274874]],
			"pmPeak": [[43.750865, -79.277673]],
			"nightI": [[43.750060, -79.319748]]
		},
		"Tuesday": {
			"color": "#9F6B3F",
			"fillColor": "#9F6B3F",
			"nightII": [[43.783301, -79.288195]],
			"nightIII": [[43.781703, -79.287321]],
			"amPeak": [[43.771770, -79.320380]],
			"midday": [[43.793032, -79.331024]],
			"pmPeak": [[43.815471, -79.340886]],
			"nightI": [[43.816182, -79.324561]]
		},
		"Wednesday": {
			"color": "#000000",
			"fillColor": "#000000",
			"nightII": [[43.795302, -79.304402]],
			"nightIII": [[43.816182, -79.324561]],
			"amPeak": [[43.793032, -79.331024]],
			"midday": [[43.664593, -79.337730]],
			"pmPeak": [[43.783200, -79.315741],[43.785090, -79.308831]],
			"nightI": [[43.776554, -79.301936]]
		},
		"Thursday": {
			"color": "#1c5013",
			"fillColor": "#1c5013",
			"nightII": [[43.795302, -79.304402]],
			"nightIII": [[43.816182, -79.324561]],
			"amPeak": [[43.793032, -79.331024]],
			"midday": [[43.664593, -79.337730]],
			"pmPeak": [[43.783200, -79.315741],[43.785090, -79.308831]],
			"nightI": [[43.776554, -79.301936]]
		},
		"Friday": {
			"color": "#501343",
			"fillColor": "#501343",
			"nightII": [[43.767740, -79.303814]],
			"nightIII": [[43.765772, -79.292688]],
			"amPeak": [[43.766407, -79.288697]],
			"midday": [[43.757499, -79.274874]],
			"pmPeak": [[43.750865, -79.277673]],
			"nightI": [[43.750060, -79.319748]]
		},
		"Saturday": {
			"color": "#a60183",
			"fillColor": "#a60183",
			"nightII": [[43.801256, -79.296300], [43.803711, -79.298049]],
			"nightIII": [[43.664638, -79.359107]],
			"amPeak": [[43.803742, -79.301182]],
			"midday": [[43.804663, -79.295399]],
			"pmPeak": [[43.806885, -79.296622]],
			"nightI": [[43.810369, -79.301160]]
		},
		"Sunday": {
			"color": "#605b3b",
			"fillColor": "#605b3b",
			"nightII": [[43.686303, -79.396053], [43.686155, -79.387448]],
			"nightIII": [[43.810826, -79.301342]],
			"amPeak": [[43.813868, -79.294926], [43.814634, -79.292169]],
			"midday": [[43.820107, -79.297533]],
			"pmPeak": [[43.819410, -79.300666]],
			"nightI": [[43.820347, -79.304775], [43.822282, -79.306266]]
		}

	}
}
