{
	"keys": {
		"name": "tod",
		"values": [
0, 1, 2, 3, 4, 5, 6, 7, 8, 9, 10, 11, 12, 13, 14, 15, 16, 17, 18, 19, 20, 21, 22, 23, 24, 25, 26, 27, 28, 29, 30, 31, 32, 33, 34, 35, 36, 37, 38, 39, 40, 41, 42, 43, 44, 45, 46, 47, 48, 49, 50, 51, 52, 53, 54, 55, 56, 57, 58, 59, 60, 61, 62, 63, 64, 65, 66, 67, 68, 69, 70, 71, 72, 73, 74, 75, 76, 77, 78, 79, 80, 81, 82, 83, 84, 85, 86, 87, 88, 89, 90, 91, 92, 93, 94, 95, 96, 97, 98, 99, 100, 101, 102, 103, 104, 105, 106, 107, 108, 109, 110, 111, 112, 113, 114, 115, 116, 117, 118, 119, 120, 121, 122, 123, 124, 125, 126, 127, 128, 129, 130, 131, 132, 133, 134, 135, 136, 137, 138, 139, 140, 141, 142, 143, 144, 145, 146, 147, 148, 149, 150, 151, 152, 153, 154, 155, 156, 157, 158, 159, 160, 161, 162, 163, 164, 165, 166, 167
		]
	},
	"fraction": [
		0.3234158,0.21998841,0.18961688,0.15678278,0.13872403,0.25364335,0.49825733,0.69444102,0.87010341,0.74779642,0.66242779,
		0.62138517,0.63369796,0.6328771,0.72809597,0.81921057,0.86435745,0.75518409,0.67720313,0.56228381,0.53683739,0.46213983,
		0.48019858,0.36938352,0.2511808,0.19043773,0.12805295,0.10588994,0.12148614,0.2511808,0.54422506,0.86846171,1.15822256,
		0.8307025,0.69033676,0.69362017,0.64929415,0.66653205,0.8134646,0.89883324,0.88816216,0.86764085,0.79704756,0.70839551,
		0.56392551,0.55243358,0.51303267,0.4145304,0.2872983,0.18387091,0.11902358,0.09275631,0.13051551,0.2339429,0.57049233,
		0.88487875,1.09994205,0.81674801,0.63862307,0.62713114,0.64683159,0.67391972,0.77898881,0.93987585,0.91525029,0.9012958,
		0.77652625,0.70100784,0.61563921,0.57541744,0.51385352,0.38744227,0.28483574,0.18961688,0.11574017,0.09932313,0.14036574,
		0.27334381,0.56392551,0.98502273,1.09419608,0.77898881,0.69690358,0.67474057,0.64765244,0.73712534,0.80279352,0.94808438,
		0.98502273,0.94315926,0.84547784,0.70182869,0.5951179,0.5401208,0.50071989,0.37266693,0.28565659,0.18469176,0.17155813,
		0.14364915,0.16088705,0.29879023,0.63369796,0.89719154,1.07859989,0.79622671,0.80197267,0.76010921,0.78309307,0.85204466,
		0.94151756,1.05972029,1.15904341,1.09419608,0.93084648,0.84383614,0.79048074,0.78473477,0.74861727,0.67474057,0.52403209,
		0.42749986,0.37430864,0.27120959,0.21604832,0.30601373,0.44654364,0.46690077,0.52665882,0.68754587,0.64157814,0.74008041,
		0.73745368,0.73811037,0.73154355,0.79524168,0.85631309,0.85893982,0.87470018,0.83989605,0.77422787,0.69214264,0.73482696,
		0.72826014,0.55817955,0.491198,0.39466577,0.26332941,0.20422805,0.27252296,0.40845609,0.39794918,0.40779941,0.48331782,
		0.67769564,0.63501132,0.61334082,0.64157814,0.64354818,0.71184309,0.66653205,0.71578318,0.62253436,0.61005741,0.56671641,
		0.5273155,0.534539,0.39269573
	]
}
